{"cameraMode":{"drawMode":0,"name":"Shaded","section":"Shading Mode"},"sceneLighting":true,"audioPlay":false,"sceneViewState":{"m_AlwaysRefresh":false,"showFog":true,"showSkybox":true,"showFlares":true,"showImageEffects":true,"showParticleSystems":true,"showVisualEffectGraphs":true,"m_FxEnabled":true},"in2DMode":false,"pivot":{"x":10.019043922424317,"y":8.567102432250977,"z":-8.996169090270996},"rotation":{"x":0.36375293135643008,"y":-0.008093862794339657,"z":0.0031609847210347654,"w":0.9314520955085754},"size":0.8660253882408142,"orthographic":false}